{
  "urls": [
    "ch1.mp3",
    "ch1.ogg",
    "ch1.m4a"
  ],
  "sprite": {
    "silence": [
      0,
      1000,
      true
    ],
    "BetDown": [
      1050,
      627.2562358276643
    ],
    "Match": [
      2100,
      1265.0113378684807
    ],
    "MusicTermLose": [
      4150,
      2458.9342403628116
    ],
    "MusicTermWin": [
      7200,
      5777.777777777777
    ]
  }
}