{
  "urls": [
    "ch3.mp3",
    "ch3.ogg",
    "ch3.m4a"
  ],
  "sprite": {
    "silence": [
      0,
      1000,
      true
    ],
    "BetMax": [
      1050,
      1074.3537414965986
    ],
    "YourNumberSelect2": [
      3099.9999999999995,
      886.5986394557823
    ]
  }
}