{
  "urls": [
    "ch2.mp3",
    "ch2.ogg",
    "ch2.m4a"
  ],
  "sprite": {
    "silence": [
      0,
      1000,
      true
    ],
    "BetUp": [
      1050,
      627.2562358276643
    ],
    "BonusWin": [
      2100,
      1926.0770975056691
    ]
  }
}