{
  "urls": [
    "ch4.mp3",
    "ch4.ogg",
    "ch4.m4a"
  ],
  "sprite": {
    "silence": [
      0,
      1000,
      true
    ],
    "Click": [
      1050,
      392.01814058956927
    ],
    "YourNumberSelect": [
      2100,
      1069.3424036281178
    ]
  }
}